caption,mood,type,topic,likes
"""Embracing the strength of progress, one rep at a time ğŸ’«ğŸ’ª #FitnessWins""",Fitness,Story,new growth photo showing gym body,1
"""Chasing endorphins and gains, bloom where you're planted ğŸŒºğŸ’ª #FitnessGrowth""",Fitness,Story,new growth photo showing gym body,1
"""Planting seeds of strength, watch me bloom into the best version of myself ğŸŒ¿ğŸ’ª #NewGains""",Fitness,Story,new growth photo showing gym body,1
"Sweat, smile, repeat. ğŸ’¦ğŸ‹ï¸â€â™€ï¸ #FitnessFeels",Fitness,Story,Healthy habits,1
"Embracing the magic of Kelara, one adventure at a time ğŸŒğŸ’« #TravelTales",Travel,Story,explore kelara,1
Feeling the wanderlust pull of Kelaraâ€™s hidden treasures... ğŸ—ºï¸ğŸ’š #ExploreMore,Travel,Story,explore kelara,1
"Getting happily lost in Kelara's enchanting spell, each step a story waiting to unfold. ğŸŒºğŸŒ´ #KelaraDiaries",Travel,Story,explore kelara,1
"""Embarking on a culinary journey through Kelara's vibrant flavors ğŸŒ¶ï¸ğŸ² #FoodieAdventures""",Food,Story,explore kelara,1
"""Fueling my start-up fire with passion and hustle ğŸ”¥ğŸ’ª #DreamChaser""",Motivational,Story,working towards start-up dream,1
"Planting seeds of ambition, nurturing my start-up dream garden with patience and positivity ğŸŒ±ğŸŒŸ #BloomWhereYouArePlanted",Motivational,Story,working towards start-up dream,1
Sippin' on lattes and drippin' in style â˜•ğŸ”¥ #FashionistaVibes,Fashion,Attitude & stylish,at luxury cafe,1
A cup of Starbucks feels like a warm hug on a chilly day. â˜•ï¸ğŸ‚ #StarbucksSoulfulSips,Food,Story,starbucks,1
"Carrying stories on my back, wandering through paths unknown. ğŸŒ¿ğŸ’âœ¨ #BackpackingFeels",Travel,Story,Backpacking vibes,1
"""Breathing in the raw beauty of Leh Ladakh ğŸ”ï¸âœ¨ #SoulfulWanderer""",Travel,Story,exploring leh ladak,1
"""Getting lost in the majestic landscapes of Leh Ladakh ğŸ”ï¸âœ¨ #NatureTherapy""",Travel,Story,exploring leh ladak,1
